2.33529535103524,3.92987382928575,2.48124241291823,0.203094539562537,9.32768496943998,5.02793941654372,0.720316173846765,4.49977540961534,4.16597353984132,2.12033193003072,4.70684075681836,3.45761590249046,7.09217835162211,7.48492870418091,9.13355979161722,5.32962705487632,5.8836055077055,4.26282842435625,4.4085925528817,5.48004082933648,3.79659931057447,4.85896316943169,6.14993823024424,4.83319276588661,1.70192456489862,5.35153175461721,5.72273757550791,1.89357649500534,2.84156350209248,0.390233152734691,3.86270320011274,6.59216327457224,4.99999536285227,5.07235050468083,5.72672523882906,9.12972440150222,3.04998970622082,4.40176768895777,3.18682407987016,5.46793584814488,10.0049234333936,6.50658049633748,6.19480454899036,3.12016341342833,8.35102314013985,4.9801329598425,5.29323588932797,6.67842870243485,8.42691796415034,4.8244937321891,6.02526459294807,5.87104930560599,6.28789684004824,4.92736802297183,6.75430724873894,3.88877082751178,7.83500792623439,0.71908075158415,4.86304179052506,9.67820776109194,0.242584762167559,2.62186327154824,6.57586374685037,3.0918131932671,2.8005541922005,3.74923209498678,4.80131031715393,4.6681175826607,4.8582571425798,3.24096353313514,5.06338283186292,6.8322275677721,7.319577962348,4.39492936912964,5.38141522680602,6.33706000864122,6.63762952189471,2.72560875409535,5.64653363718397,4.79863083838438,2.8688752554493,7.87276620901361,7.18022048990534,3.75388355107459,5.11543963595793,7.77460337701564,6.24895705075928,7.66315807948972,7.17335060594949,4.6102242361882,4.69095557564803,7.28255372278176,4.55462292529757,3.85058126427181,4.16689668420252,4.67550443085344,5.63258736605832,10.7527187248401,6.19974050011476,6.83820819533112
5.55464724157208,7.73621244417563,6.52597457839105,5.09561458159139,6.76075700967251,1.73315201072325,2.47304151194785,5.6859884388163,5.32918637035447,6.0651282184771,3.7294928188804,2.32218435037548,5.69106230063121,3.8421828445493,2.94050046113948,2.51232368750071,2.72146592068512,8.42932926797368,4.43738915326997,5.70745104870165,6.72898673209069,6.53851065007236,5.29963382981087,6.22712862260013,5.12240337984767,7.98463009847538,5.31949540792988,2.43230870028934,6.36986881375975,6.39173681937989,5.6722689217294,3.39440106023796,5.58679345105229,2.7168626479843,2.60817771071409,6.00726258288593,5.39167407565864,3.45209667343514,6.57777305165153,4.99296459855598,5.93355181827523,5.81039095492946,1.4297090423917,8.14046865707662,2.53622286302954,8.51612149842466,1.26673407613375,3.654170512012,5.31937056093908,7.87833776054501,5.50947304117107,3.23071949961206,5.78137741911067,4.9282137303256,3.44949187662251,8.95260208133836,2.43775731286992,5.22479384905017,4.06189209600094,6.67471458518886,3.33146650047527,5.82509357007732,8.24016585150689,3.26747521678249,6.09309754012262,7.146328812913,3.20707795182039,6.19769790297587,7.88652264269628,4.57197441393891,5.6963858705504,7.1342630194307,2.6963319617278,5.17299769640802,0.791881999588141,5.54297180390922,4.49712148455009,4.87029820847332,4.55124401142272,5.82439068837533,5.38269354094796,1.21797874167237,2.21485647170214,2.95704825610301,2.7280653434778,2.99123822096288,4.72120251012447,4.59320438354764,4.32859542943748,5.920257213219,3.83031269290331,6.10351713177554,4.80856667984518,5.30945591058307,3.75927056574449,6.25572893975243,10.0239930959108,5.37331555632855,5.06273549365289,4.52648308247269
7.17106769782704,5.28368858025652,3.39309291934392,5.67228671005985,6.01023250509327,5.9778649464407,5.16661593762229,4.75059623391866,1.86074598543612,2.90614245165668,6.04816930911118,5.81632130484348,7.33940724136052,7.06415431552921,4.75380899259826,5.23261634763691,3.05431033661366,6.6630612276831,5.08232347526679,4.03726182845107,4.46266740908783,7.34474717512269,8.38621434158943,2.99746244395066,5.3643020664341,5.32762761886805,2.74367459507578,5.63228487128265,8.76901094252767,2.68816061886775,5.14508119922316,4.08350871403298,2.43411323636203,4.32475048805706,5.00858939809421,9.06001364093434,6.17697164858671,5.48216197860479,5.4563848859518,0.8171470494101,3.95075275414026,7.30324823293348,6.78146483515662,5.56582093086291,5.42169981364235,8.34733705446829,5.84583762798881,3.03583164196405,2.84099086221102,3.94452830673193,6.23301733139204,7.13773468987691,4.22333747858835,4.52465758687761,2.97978744387414,2.7613951500176,3.39948372602021,4.97441119791072,5.89859557787863,1.4299709755729,5.37244194182141,1.9606986187075,5.9833289119115,5.18040758976881,3.41946973080443,7.9795244130179,6.86810544088315,7.90815045457556,6.96896202430381,3.79833940761726,2.50590674794251,5.0088345719317,3.8768448382319,7.18565151687864,4.68174111888057,3.47734721109345,1.35920378345078,6.9785344834029,3.99285604589302,4.91044104391977,6.54405985255338,7.20221155797172,5.01329645950284,5.94871321027225,7.11223394111889,5.86650841680479,5.91720641895517,5.46820900256599,4.74227604328269,0.949550450701071,5.9444369663988,6.4421734589925,5.82457904939252,3.9230117091291,3.21067554489084,2.00391180199061,0.882151281906374,4.58960242143406,8.63749972157133,0.321225076940269
1.71456302105347,3.43437006212248,4.24123216639511,5.86969147206257,5.2211804105606,2.96164118162612,5.37665025946697,3.01337047399815,7.93335177980324,5.17477176179368,7.21029216174983,5.41307517731566,8.24558149155713,4.61704498717004,5.3479154132558,7.39509474032296,0.573663613215966,2.60654566850282,3.57082108915786,1.30373467438757,6.11857306676372,4.56414229079281,7.46548374432811,5.27099143614914,3.68346615572953,7.47318909297225,6.28125419076099,9.73681503364569,2.05836086184619,4.29788940822641,2.17694378248033,6.37255281757234,9.77025088585858,3.00880783814537,3.29617325193866,4.12260691578335,3.27695018437135,4.32483149507473,5.90514218368625,5.2184015587259,6.5693371338693,5.11707904049032,3.68712422744141,5.06935177499498,5.50652588772645,4.3524544219203,1.80749566152851,7.32826890431336,9.11979430604451,7.56710525775974,1.91396249315125,7.61856117592992,4.35375595709683,3.85614816319383,2.36666574793374,5.35296780158156,6.26185068273725,5.09405351024958,5.07481178419218,6.4918096205562,7.42475683083039,3.49084044862434,1.57692842759786,4.16756970512783,5.57157140530088,0.81580408196337,5.33383648409666,3.56560889097395,5.41572169295414,4.5793403495028,3.4810420690227,8.56088257526251,1.99572825259406,5.43430976403506,3.58568651266884,7.87354614149094,6.90354380335643,2.79953378979138,2.37603057600288,6.93145236696511,1.86961120313801,5.83013135048053,3.50290854737441,4.65024518570717,7.39371949662954,4.48383200823662,7.65419880807833,2.26228650178805,8.76955711233971,3.52036795618396,2.36019442152359,5.73663737928256,6.0187436760187,2.31795064176542,4.40288681908213,3.77550863817489,2.66855155213325,3.71855462566282,4.41451380284967,0.841686047453755
4.08563948311679,8.763037465785,2.26701142910619,5.42204725799809,4.41428283491449,7.18110696574597,5.37962838687459,2.95712182986293,2.00782910100963,4.65177661887315,3.99797619413359,4.55104739201587,4.44407761145757,4.15162780344537,6.10638120063788,3.60373802485454,6.18661183333387,4.59839880055376,10.047171931109,3.87213327804173,5.46982429726577,3.73987075530689,5.35928714294854,4.16974735947347,3.26783126664096,3.43845017274367,6.89350332828681,9.3412191577475,4.55585205766823,5.92635492763544,4.87822915228656,3.80939935275739,3.71956783038632,5.96282650450826,0.112881617589125,9.90708734739049,5.56598422397483,7.49826713674582,1.27971403675808,2.77115657416077,3.03185357130461,3.50371542805451,7.71822157479237,6.24659481414717,2.99128392291482,4.54799429853546,3.35627088533582,6.33306255072132,4.31401012962797,10.6475818856406,4.45271129606222,4.59298822545148,3.27660670207761,1.36246917177886,5.30496045696333,2.20673094663639,5.49429441581422,4.67277654223275,7.41510852128744,0.864322450386912,4.73807845323118,4.83499143600379,3.14794653341084,2.06237666477862,8.59287092409686,6.67784165674891,1.51630500655841,3.59410409914208,5.39113580327249,4.97110420528984,3.76880027543798,3.8440663897152,5.42737982876153,0.786751656297067,3.76785293125054,6.68721801383733,8.95733624738673,6.89704360206933,6.0395735868045,8.72720975919411,6.4590992851876,7.1938618773409,3.48116312479969,5.76789414556531,2.62505800094077,3.96458784145871,6.79076339658277,5.53723146394045,5.7143914758786,0.526085199671877,4.620968212126,5.67864739083333,4.7042010758521,7.61115829770642,7.26635486810921,7.62064771768342,3.25796386089223,2.90274800792189,6.90788980109424,5.38260361688546
7.92234369090499,6.10584572929445,12.0385981299273,5.22158697801846,6.54463998343947,2.72106038997077,5.43523070468038,6.68128585571012,2.69942196217232,3.93234733849599,5.84838520297827,1.99194367241225,2.6740646094388,0.216773780438723,3.48186264449462,5.58720989639979,3.617971381042,7.73040277083081,5.4667466418832,3.05941773686786,4.94806125960806,6.75636420425573,3.85375870767366,4.15260784144155,4.87324679987338,3.85114674173627,6.36448302743413,3.71532432023654,6.8836938434367,2.76136869496905,4.08259032866111,4.18523356004289,5.26605068638958,4.80379772062038,7.12577778936436,4.22926288408389,4.19314845097881,6.41734384918903,5.78345334964656,4.77707614166887,5.81284444010457,5.26718600241375,8.77997999658723,5.63236247201381,5.1122016418748,5.23259548259953,4.75977617390673,6.25604678153094,7.7705237188696,2.68810268668102,4.1580111988473,7.27416474200725,9.1704473922905,4.81349263152732,5.13603226701732,7.7201677936159,3.54028210177819,2.76192512115933,5.5922937098595,5.48144965180672,6.80582873855816,4.80536447084541,2.26373041857309,7.971151616897,7.69531511860259,6.6801739526779,1.61310815619985,4.05667478353056,2.71908024462085,2.84839800040583,7.88475461275301,2.27993747724943,3.73407247265498,5.52776051856961,5.12775394992629,3.4859784125476,4.27180285827789,6.93869837570758,5.99127023307035,1.3338391731945,4.93953423841916,6.83083955025707,1.73141846732601,5.21252355349501,6.59596825110666,3.75476396189495,4.04103300851854,6.3410098004987,3.84593633227123,2.56689376882256,4.65159055488061,3.59626380748076,5.30045251474645,3.88285082600961,3.16153381361284,1.26869817625321,7.25069797820074,5.37866573742098,6.05134278377779,5.43218687564933
1.654934795285,1.31028683312593,2.57370300595427,1.01335417860825,9.2575884581615,4.96854872998719,3.70237171649238,6.69914623643326,0.953981712106014,5.19863549386186,2.84528467651723,5.47759675785766,6.75030226321848,8.29213068592829,5.0716591880788,5.87459548763926,2.77389248795637,4.94366846252692,5.10645252066412,4.20487872935743,3.04237597500013,5.17056510714691,4.54388606872579,6.74164547102274,5.0655801910457,5.32123192939916,1.7775115389149,5.75739435684526,6.12980252311959,8.21725713771027,6.45910921290036,4.23809986541045,5.00146234130594,4.4275089348975,6.58170699584352,6.17866741318248,3.64406239092717,7.63701476764443,2.16504818889206,4.71148127393507,4.6534066512397,6.61220917688459,4.44201607738346,4.4179488948538,7.09764331336713,2.64270319523688,6.31882090270891,3.68733494849729,5.21288380793271,8.20462001452569,3.79604807382928,6.82850591327793,2.58258004122936,5.5543585793383,5.09036325528094,6.17950623571732,3.87414200363215,5.57768877110984,5.82415581131159,5.3018796602323,7.27520543475282,5.46573429249677,5.46940382693595,6.95083335304673,4.66523530588421,2.55453865554451,5.31264170451147,6.70931154966421,6.26757315521597,6.0095305075177,5.86802512201091,6.55915300432597,4.61380525468136,6.40403967431987,5.90464337531814,3.1299524074458,6.87638885583954,5.16457871478398,4.92487903134105,5.8120503925511,5.4267581752622,7.71461182462253,6.87410438974032,9.1049623644926,2.58740176379337,4.47061493542289,3.25255386913996,9.84406271022174,5.39198287869306,3.42766055483915,5.66559894886832,5.88992418208826,4.61703107213602,8.09573236053469,3.84919982357633,4.75645207727461,5.23761820490605,6.22508965504308,7.40169824108728,6.26752228157393
8.12219199287714,3.89938417261294,5.38871463459554,8.01003141027528,6.09593594054393,5.59498256451116,5.50954876608435,5.93923788411847,3.63669520997473,2.95978580185276,3.74832501841503,4.11981103729638,5.48839055660686,3.46587929728859,4.99300987441921,6.2555251450156,7.68340095302825,1.4800648263706,5.01463547002471,5.8380881689837,5.08114582331964,2.82368436004655,2.73591514010522,1.67892724685046,8.06452582941146,4.66583111164899,4.17969669905426,7.04882518074141,2.8708374059401,4.58301858920251,7.03429205414662,3.84145844014919,4.37424303458738,3.61142922870231,7.104185911513,5.12968028984069,5.20655687171983,11.9171025586063,4.63945902514943,2.98885783821295,7.00421062895758,3.18667498750088,1.84093036936254,3.26716294472069,5.33217605489514,4.72002363270994,4.57290908121007,3.81488875948836,3.8179209217614,6.81084475275908,5.81010464232286,6.67293764487313,3.17760106214481,3.05130332484736,3.41721635794497,1.19396304880045,5.78192640210459,6.8563603354758,6.12419758380797,9.09886452111316,4.06497303179728,3.35421421736094,7.27040167222555,8.92299142105582,7.3325263886209,4.45052162635475,6.58670116123625,4.76824583093427,6.91703992646412,7.91891182420407,3.48129658188531,2.42156303934264,6.21052518587552,7.18288102397077,5.25296464948758,4.76290250677046,1.14501863707015,6.732890325019,6.71776753153122,3.58653712386288,2.69683778258133,5.0218475995975,2.00016838579619,1.82791444211839,5.74670164337298,3.77959281072329,1.92424411131552,9.36515552633253,4.214018924393,3.90161018746202,5.74817950889006,5.3788792949714,5.798132971899,6.8367901845176,4.01978319161573,6.42941699991748,5.9033836314413,3.4490068493067,3.6140837606546,5.84308645205628
2.0132587043555,4.9479704827489,5.18873127435212,5.70831423769591,8.0642584578642,11.4011800800732,4.06233997069527,2.46068947821434,6.01402082797832,5.86008366321826,6.68024114159234,7.17189666849663,4.94906116585592,6.51254195458988,4.55961916810052,2.67891297101142,2.44544218672675,3.79815894790086,1.20775131078009,4.97986896830076,4.79618483170351,5.86405596308222,7.16862011998468,5.45349891856461,5.91064275453545,6.35869362699164,4.98453685316138,5.33437002514332,7.90404986259901,8.84790640862088,6.87576914800502,2.28822576697478,2.83707646797133,7.74487552544416,3.00623802649033,5.79570722975322,3.88215077821481,4.61010156907584,5.99674918332945,6.19716906849768,5.7504660199933,0.746807856032822,7.06325923867958,4.26049450308402,7.54111893286359,6.42044244238593,3.39991618673789,3.88669237055766,4.94474751666284,5.88013670622065,6.473747416544,4.61816248191075,2.05956219320637,3.56995098384081,7.23109507336336,7.58739345255682,2.31101487677893,0.152096342554552,6.04727324876293,6.20483799199229,6.19218247004036,3.2086260201376,6.69471643430349,5.8319288466644,5.58206331350155,6.36730462171322,6.66719994154547,4.87829285821556,7.36210233240183,5.59044486871489,6.993181916244,5.17539031990682,1.06350236433079,6.13258539056445,2.8090273794001,8.21119234386249,7.31823020337208,7.74455021802314,5.83083232226041,8.85478472185727,4.31621565665757,3.92391041663443,2.66434346083304,3.10100582527671,4.38767952400193,4.3248809580278,5.77581716506765,7.50063170250738,5.54205184475738,5.20470933096408,7.59847465861007,4.37443820157414,6.4939014382313,4.8528353418164,3.22270609026631,3.64418332306132,1.99791199370018,5.07988898548069,9.34442358222894,2.56357445223367
2.63510171882396,0.681499276839554,3.24301716278418,5.8696755604056,8.33286170744893,5.17848848872142,2.61497989232693,2.78975956231341,6.49422378854291,8.00569551816658,4.88106678132402,5.57587455626672,4.84589733962959,7.98541933371152,1.88463950721099,4.95842316305241,3.1633021806898,6.24201753085397,5.96218269059602,5.70892864901198,6.71691519802092,9.27559734522483,5.77239982125204,9.10281478554291,3.87199757527635,6.4339171964595,9.03505810636298,5.07837450499815,2.11153912735085,3.55747657203371,3.49278398420829,4.7738947780668,3.23855485801976,3.56019439194176,3.59247851357834,6.08542228893806,2.49299929657922,5.85749728486977,6.20520257262731,5.08603453533054,5.08589634783092,2.71369116149857,4.50923538530404,8.51436570951782,7.86856675592668,3.04606789588505,1.17912896811913,4.79132481276986,5.43627770187395,6.88141090843712,6.92852531220446,4.88034999085533,3.5634511550731,4.74222997654154,6.28495780182694,1.36292679277954,2.8657726149611,8.11575590067926,4.82345187474817,4.54229161906251,6.31494959256569,5.54034493120462,6.83276485713847,6.16425112333794,6.33167664446276,3.96757610609334,10.1575605166734,4.61188054624096,0.217082252251946,6.25958950728957,6.37161148917518,4.27878144305418,5.51044491453462,4.37148340611871,4.41977758378603,5.41635536546135,4.51872434550391,9.46879930640254,6.55059168066121,8.13034223035627,1.85811100178369,8.29959631533695,1.93049381221884,3.0950928262171,7.83123038791138,5.01828364203943,5.49062069251665,6.144818425104,4.68067080225755,8.19125631472891,5.54420978293644,2.96731683768383,8.8921854373447,4.63218167631728,3.02961656466101,6.77416380807228,7.32777720058228,5.45024642176951,5.05493130790535,6.42479138468398
4.28682623806843,8.54120016085916,5.52087171751175,6.53648782964145,4.0439999015627,6.14194467598363,5.24245647029838,1.20410806967872,5.35197802848994,4.45847840908687,4.84556490875177,3.81483552307594,0.898871067127279,6.31187211515415,4.5239080888221,7.0894481787681,6.59216311046793,2.1900326969892,5.66401303054068,3.90026321598687,3.13823286991133,5.12412566103721,3.63130818607685,5.78494814014714,3.47011628011227,5.95082806651241,5.25533047211092,4.84708058249793,3.49199990347611,4.37015209538363,2.48297054407274,7.02540927392373,7.12603044281646,3.82571966330153,4.26367274432686,6.31937853164871,6.15708754070405,2.01495690624727,4.03593849116198,5.72285769861212,5.08154793387364,7.93416279945206,6.48912074007006,4.79737254802381,4.84453222392995,6.50357517161507,1.23906508937859,1.91174393882388,4.75725419917058,8.63230751245469,7.06211106405803,7.00937084965987,5.10132552352893,7.96982561291316,5.72162787250095,6.39334521517218,2.74357890206107,3.90771138270288,2.60037123462361,6.22539465542963,5.81287104056702,5.62773055233834,10.4723295395979,7.34099970891904,4.63711512832566,2.56511780894034,4.63807471182776,3.04249319166806,4.76725037057182,8.38936999387895,7.18845310861312,5.82195709852094,3.67934484173283,3.69338823672984,6.80164420382436,5.46828314281212,2.85811450643219,2.76636611024082,4.89590330352382,4.21065446441092,6.69572465994558,4.01161751708128,3.19166949565061,4.79521953770665,5.65890935943688,4.92718347664187,4.5736882798667,7.03660909762967,5.73874248076064,3.70637222561318,5.63933632424807,6.0005708042942,7.62072333693576,5.53176886148855,4.22562354836771,3.29368655857097,4.18642340367817,6.11605401419284,5.36494240725492,3.49757916909939
3.16871975076359,6.52094696451977,6.31541412575583,5.81937673730271,4.26263674943366,6.05737126087578,2.92813468476803,5.9835745298031,4.12495284158139,6.7431108308891,5.83341925484585,2.93903531815044,5.12267426045032,5.9894343372076,5.84996496326408,7.62318916942461,6.067150917626,1.19183228089828,3.70900184526864,6.46223838671116,6.06090087375633,3.5865065917838,5.83270813247816,4.45054955706732,6.01810552587409,8.46831579871987,4.09788102252398,6.14550284684668,7.1000256496917,3.62505365763936,5.82335867857817,4.63718737465658,4.98461206967178,4.53978010447429,1.50692061986016,0.730831447648247,7.97287402732844,1.63259776420877,4.7475019305394,5.27261002175925,4.53330002353218,6.07397919689693,6.51132616541392,5.08579475556747,5.65280235951097,6.24382430391472,2.83013732093372,1.70064961665509,2.77623733514919,4.73258773298883,6.41493290158163,4.87960575759777,4.82935708524047,1.70421211396078,5.63624154305971,8.29510319107171,5.85173189672667,2.0795947704347,6.23718894420957,4.73749651652099,7.95825310486099,4.85071019391716,2.46184446540327,4.6708954894461,1.77425996086314,3.49609147859577,8.74397438646647,4.89072933026429,5.88381160821917,4.55461193136604,5.17435049154313,5.36166828201836,4.01707348782083,5.56481023944683,2.53075768953062,8.38244705952395,5.17761800523081,3.64051186663198,6.7934042402037,6.8628616884054,6.06768333711404,5.97496015106381,4.46373395061249,2.94965259072291,6.54848312327477,3.10536880999374,5.83578047712441,3.81687433815662,3.46092442119951,3.99450040370749,4.80616674921891,2.28928405213012,9.30682911508019,4.24200049872812,6.17526571180604,2.09194156270836,6.59444875099554,5.36700805307919,5.30401631310234,7.36460686255208
6.69897097008538,4.03091430797733,6.53159305903016,1.04669679797425,3.9676677456343,4.1181904035588,4.61622341049393,3.59055536634787,6.88545230702001,2.56741237920282,2.24017134348135,6.44547771528359,4.01000310290388,4.49379625048329,4.10644057004956,4.8351219435909,7.45767954066184,4.01844588881877,4.26146013995522,5.62634232315951,3.82343544900023,2.87990939252736,4.50089799916179,2.55787259539529,8.13642873324488,9.1381358848145,5.2008772754582,7.20234360905407,6.4253015854087,6.68676109309084,4.96032766435977,2.06144948032342,6.79939157277065,6.35036327364907,4.9181318493516,5.21466504922975,6.48491930431557,3.96424778072419,6.7490738450815,1.47684337871172,6.01952199457528,9.12538647349153,7.67447080124304,3.93612121209217,5.4879399790107,5.80592899840772,9.06332021501248,3.45911867516435,5.40146398017902,4.30149285671432,4.81993008317152,6.85994961433075,8.0947794389153,1.47602716271543,6.45956457638165,5.2243914702395,6.37459431981533,3.20183878856638,3.07096562384955,5.93315338678196,6.67599761064398,5.77378482799189,7.55909251135887,6.86869079970089,5.30074811490534,6.13507983813275,7.15425677277221,6.51652369508929,7.07989729001002,5.47197815995279,2.96490332520148,5.02225931713925,6.64233888178836,3.73576407302578,4.2632906526402,2.37611156018255,2.74799736692638,1.93298562899773,5.14837862377018,2.91922511873176,1.31176812333497,7.78980063313239,2.04239626986585,7.10056539173901,7.02430841761581,6.26364429981704,5.35713062355002,6.0108014589387,2.70388062846737,3.77745459316569,5.38701265167163,2.4485508966665,2.98445828371995,6.44345496105358,8.13621703125455,5.97560922006296,2.88996339224364,4.81554448397236,1.16968638261837,3.28580665493885
4.02078552377752,4.05447220145977,0.529278747785658,2.82484127306943,5.79387537865701,3.65441326327665,3.05890732704997,8.5551522595328,6.78208992033905,1.21452266289625,2.03570013380152,3.37033488089997,5.95853933885048,3.67411676938779,2.19629043905856,6.83844952345823,3.3861479232188,3.92966313255536,4.16794805430611,8.08010568535442,4.65812634139055,6.78858355692349,5.54828266359633,3.10228269975503,9.20789209359354,7.96661381250567,4.30291117443005,6.00343850861815,3.20026104093269,4.40497831837579,2.18992002478012,1.20916332010165,4.73427934726047,3.66310618550641,2.52937986064324,6.70813556247261,4.94082881481252,4.70170421002241,2.5099363873266,6.24632078696327,4.08347183391836,5.31811344314028,2.39497339738216,3.86324883569871,4.79614960144909,3.56193191442021,5.26917289860863,5.65078977444366,5.06416964879007,4.06685075556175,4.36904881103688,4.66956253512701,5.27020986297953,9.02125100742664,7.37593987142755,7.88810385921871,7.23273036793666,5.12608911570261,6.70219880050219,6.15597786333999,6.6610967130188,7.37437847926963,5.1670520191382,4.64765681138065,4.72547392843655,2.08924879338811,6.24702662916645,5.36510999088963,4.5912440453948,6.82856742685049,3.97039856152621,6.02888365072208,6.43240084198627,7.71923106113994,9.30037667260353,2.81380470917879,3.18916327567258,0.785228185506645,5.11354553305225,0.309879521169538,5.1158014608028,9.64976929730334,4.16974135017608,5.9023263232314,0.692507408289539,3.07932757845723,6.35548132882288,3.04965017451529,4.0159179502269,7.34494327321227,3.13240453242546,4.23538047018535,7.08439858345799,6.2373875946268,2.25567258204283,8.03066747964084,5.40863769444022,5.87143571033332,6.11124707565924,4.88609774838988
6.4559664203787,5.66334414927121,3.19434776619102,7.12972793947365,4.37025647998265,9.3086267293572,5.1155438752999,4.50922194132055,1.61642808476799,3.35523485876858,5.2441428214615,5.82927030723532,6.50278119041678,6.12425112821406,3.90517148678533,4.51346015740323,7.70701876017618,4.2912985210156,6.15126805931809,5.60406059340121,7.73958853168614,4.8903083030131,3.62856633623314,3.93211684828883,6.66672135294573,7.20635371669031,6.4724207139779,4.21285695247743,4.95917888147421,2.7807980964952,5.49513617327165,2.96800596820631,3.26815816612374,4.1335809273268,6.26006463379763,4.33205923446729,2.18601018974363,2.82694560742004,2.3017475723183,4.50182778817589,5.03391489906468,4.60639296962881,3.15297893256716,5.22780147657663,1.35697672134484,5.61927074327431,5.56803787071822,3.61005959809154,2.28492694951724,3.38262084873497,5.93055013170495,9.27302357754585,2.20957175310929,6.73736604859674,5.50257801581219,4.62180028919948,5.06481277508196,1.94368762074946,2.89164900190261,4.36677878121876,6.66741048395993,6.13410281848241,4.78156595219765,4.63773977299914,0.659576842366875,5.24284103878602,6.13424676251524,6.48799317726745,2.57609864460268,6.04684860511542,1.14954953227368,3.59617335911429,6.69308615914318,4.91067453513863,5.67223706929457,5.56185879689635,1.74262661591512,4.31626039420454,5.36405874844078,5.78058423573707,2.01259831094666,3.74849052695055,4.24914155237552,7.62845735939836,6.42543447876665,2.92579461118245,9.19629847844888,6.46775529774495,7.28618973687424,2.5513231659249,3.86886112381112,5.7244860522677,2.39957515906449,3.82904827081239,4.64761652947731,5.39876742310117,2.73606398037098,5.79930088910504,1.69749323780332,7.25840795870602
3.76137356261373,3.05539840486456,4.66723233033727,9.24040507375879,3.63062039855386,6.18770543261007,0.778614650729133,0.777495364074897,3.57570521440427,6.50356403021249,7.39177489197001,4.61472694292159,5.34517848926108,3.44140421590127,5.49588353793157,5.7021887532833,1.47059552899455,1.39627838120062,3.24135177061612,4.18199252489824,5.43612934977393,4.52170030628397,6.14127440221366,6.354690458357,1.93550134816717,1.75039970781029,6.1008160992983,1.95828139219942,7.53935117195541,5.12317095598608,3.1161900202528,4.83058232419773,7.47088833577616,0.730153291465511,7.51379496720863,5.96270670402435,7.18328096449986,5.38738339763856,7.03388846487164,5.18624480195432,3.31759973262593,7.12959479982858,2.33043611694845,5.80807134955558,4.27103272408476,7.98840644950507,4.11023600815133,7.05585656980278,2.60633984798864,4.56351209988439,2.83331853358015,6.71344195648563,6.1802553706869,5.22293675080859,0.151930831406109,5.41216039740603,5.36062360593587,5.41110843310298,3.96491526728795,6.07087221628344,4.73058136062526,4.41532308293742,5.62122745076281,4.61163429821592,3.3740783325383,2.87971408957677,3.59333715878427,10.5118928725742,2.34379127453101,5.75628669521761,4.09330130702253,7.19103375007561,1.39872976180281,6.64054505186713,3.2305964010383,1.59823377797622,4.11663055276291,6.88368643597199,6.65566496519862,7.09701671695753,1.46156510424329,5.79048004631724,3.67000422276226,3.23623837197121,3.52639208055168,2.04722464126231,3.66779511972876,5.82096463069264,4.91675510316656,7.78264959778744,7.64080707555469,7.38097911814856,3.73332538018846,2.82416601616056,8.83220316801928,4.58602906496477,4.68625675577843,6.83170618352145,5.28272897493557,4.41057337333588
5.68747108592393,3.93751158121049,4.86900116661585,3.98832493307352,8.26449557793251,4.2318724639313,6.95635254797598,3.82937092833509,4.33546221566161,6.54714903639025,4.49187518934202,4.17978268386008,4.87830561211653,6.71792454168438,2.2965949215624,2.31923165578445,4.98994193410114,4.71625350871688,3.38088207574303,5.90900829897555,5.10239830165593,3.21024358263304,7.25426971590599,7.62607896328738,7.16467129153412,4.0080373207918,7.41487371854018,5.36158350662809,5.23260346530101,5.71454891155827,5.94591464972804,3.42271996182224,5.62083912901306,5.84662136896631,3.83065938004713,5.62791109094584,2.9228571519279,5.65982073584227,1.35000159615219,5.0459402012304,5.14349992800927,3.54783381588263,4.86087362669855,7.75387178754204,3.73098119045437,4.47611006618434,9.09270316170159,7.86264470238017,5.71913415095288,3.81329094162752,5.2183153627551,8.23628265045961,0.190216723637629,5.10260928504979,4.76967476731007,2.43692972294658,1.32402012456294,6.15167905375978,4.375691609918,4.56043072119147,8.52606733056544,7.93404495579521,1.77907348474345,4.89275749161734,5.1265861666443,4.69686566721494,3.70799262085604,7.16873681824385,4.34105529743637,1.40667626355252,3.38296333331839,7.76511513687146,5.1729289704492,3.16463285128524,7.1725410847004,4.81363863661107,8.13849918433613,4.30426072331013,4.72060619905219,7.2838429934952,4.38719516254742,1.0888124502397,5.21418055966331,1.57499662432175,2.65961449529977,3.74145344012841,7.43126719079338,9.18858424543003,3.29190394686418,4.69127695229969,2.40070530254902,2.40096773256791,4.04609599271208,1.49734868299561,4.53431784005733,0.982646467024264,4.98167669981038,2.64182144336702,7.86305645728776,3.35322247111346
8.62725080142358,5.12407348030505,3.9887239580481,5.81397416106369,3.63093247710519,6.43956655238177,5.74204347352629,3.96419254822294,6.96606690582619,1.42493548440373,4.31118536753961,5.41272307335402,6.27393270643636,6.86992228948679,7.57074934048509,5.85169218896018,5.85429767116341,1.9370864539432,5.9853395393297,5.10471501088494,6.06171242046202,4.32325113424817,5.29919750421419,5.53861447613272,4.92720190148216,4.33321894064551,2.21813157103153,3.18061046517396,4.43779639122991,3.14621441398049,8.27772711840098,7.8980379203902,2.82774593193342,8.2597706209379,4.10585064874769,3.37062927155811,2.31418853338576,5.98497391850289,4.12472943032935,2.63633397737083,5.71881836205144,3.88549043251062,9.69118969675309,6.59301554776494,8.26647941115333,0.192263241322384,5.67796171998353,3.53514817591782,8.1578739401116,3.84540043383626,1.07515170634848,2.83828924105609,3.67292993396593,2.82445276711719,3.71408748940707,7.19621639373172,6.88390675064363,7.3563839384729,1.85991084875783,7.18950176721887,3.95488552145196,8.65203637272617,6.60017509762777,1.3820775375052,7.37748092918943,5.37692334454483,3.6729109062511,1.50442692909354,6.57821803164182,8.79233690874142,4.98190417745305,4.19932190968029,4.71593839803449,6.84418722770942,5.72334004332455,4.46299004367168,4.75766732061481,3.8458760351186,5.72855776469349,3.59039763755454,5.15903119587483,5.73818380119775,1.28562324724483,7.25809706036984,5.77443067115794,7.16771121173391,2.78155006169263,9.17425832331267,4.72562367101178,4.38376840882156,6.85778847747885,4.78856979181902,2.96278021010794,5.77093959264748,3.48563046313773,2.73473848783544,6.92404581702315,4.319820838584,4.97308806515597,6.78972449676978
7.90645365988649,5.20705997599229,6.04057342933032,9.08005150787309,4.37384606089059,8.41634680391834,6.44182186111757,6.02783829047695,3.02391643178579,5.17763493833664,1.38040169775737,5.56926037269277,2.07203336005702,3.41609499282133,9.19326598864812,3.3712925331184,5.42087973788059,6.49544786967822,3.39222533758218,2.15233275020764,7.03320873407025,4.97935675836218,2.32463016174774,7.27650461212596,3.8951194058011,1.83240578583149,5.55679740395594,3.48256491620777,5.81874034413736,5.93256263388018,7.95011772418346,5.83904221443253,5.12137930264714,7.47925121179313,3.99838624628971,3.45156926340461,3.40804713539175,9.35197413506582,2.24280168522244,5.14144666167547,2.83666361871843,6.586496350156,5.26925282983456,3.63404036271681,6.05600621685541,4.77473549216289,2.71299743365638,3.64678721390902,8.45123248708479,5.65060481182221,9.30812915229528,4.18899373822185,3.14676750179241,5.57537634426148,3.30496924354882,4.97214914558088,7.24962054783291,3.4430211850662,9.01472608132626,6.41437910718903,7.91727192089915,2.55018722580952,5.02376903783092,4.37723654759442,4.17317942157651,10.7609012784573,2.87426066487416,4.80708100363926,5.24937818685808,6.64977936836095,8.2283707221004,5.424135635317,2.33339363435643,3.76727966806296,7.38371193258917,3.08549757515981,7.31061629777424,6.44316015765576,6.81182618496461,8.39226030291429,5.04553741647917,5.80255674701666,5.73683045702627,4.51418267584806,5.33096567108488,5.47181766053315,3.48820454591881,3.35249840240945,4.77437220007517,4.82783012015468,5.5825659152199,3.87885325714262,3.59556697272695,3.73092760179711,0.489929421268419,5.44720975750068,3.30797010838423,6.97981408939114,2.66843251586261,6.41531190622698
5.8248588859738,7.33959865770065,5.07140296614969,4.61212925519183,3.71993469528797,7.1504313349414,8.75918976039096,3.74714616231865,5.53109289220546,4.63989419211711,1.73820996339991,3.79023032850495,3.30186081589552,7.71897390363006,2.8485666584275,6.3867481613475,1.66762994473434,3.14627517214841,4.31062209227741,7.67730105091913,6.09563496684599,4.93585838979246,1.65359387009997,7.45767309808163,2.16167303702955,5.61647525936903,4.35535605621079,5.60781300877643,5.99568546558857,2.92109201626918,8.13306131152439,5.81398117432679,5.26573728373722,3.63204266074653,4.99650634949598,4.46335853945929,9.24888571404891,2.48634041717886,1.3561334597507,6.13917057755885,3.87654034860333,5.00111298923473,8.18958951250618,2.68178865093902,9.98600280552109,4.85154337720989,5.25888444824845,6.77215549511344,5.29515690248372,3.00945240749672,3.49483960473468,2.48090183695474,6.61568921162086,5.04199647128233,3.66701219497251,3.35231509753969,4.39896600948309,3.08485996228063,3.68596292051172,3.10869705264453,8.40161320820263,11.4442685063796,8.39478733901327,4.61350211610154,1.06330980815355,3.73666730773394,4.14266099085053,6.28799915712052,2.98070803630511,0.700711415145392,8.81917800006546,6.67213635693914,4.37352940487945,10.3718036820028,7.26413723692238,7.37403191252132,6.17774281618249,5.59568567209132,3.18529040483973,2.27589180029385,4.90556769830206,3.3862040356189,2.7196146643492,5.73454050241557,5.16376568311947,5.77864946298549,4.7401729795203,5.20007781091124,2.91294065005078,4.86382374568203,6.125840926059,6.03455070150165,5.59338153442915,4.71075842744363,0.138280034796749,6.11279191603529,4.77067658357185,4.91522187894167,4.7543814698793,2.15946309189769
5.40395191874854,5.78837840223971,3.17862087198534,7.74044579055219,6.27060871550158,6.55484073443765,4.20736777585113,5.38428519024447,3.54362769028113,2.05657019577487,4.45606825647686,6.16644118516009,6.0178801495688,5.03929875411675,6.28763711037818,6.4110891118591,7.36968982968109,6.0527096119182,5.38535801129814,3.25998526715145,4.7794351940386,5.18449957609195,7.51712417412606,6.42803734750975,5.15598320154991,6.42298426491704,3.87657122840112,7.52554274810047,0.111278942868209,2.15664178992702,3.16256088997556,4.04793744174041,3.5969401465524,5.97893196308471,3.68197152769891,4.70706277180259,3.90013346027581,6.90294655043115,3.40902558333211,8.3521867633877,4.29529593195929,4.38022407549927,8.60456050720791,0.404796601592036,6.40647093535757,0.497144467426746,0.0618942400051292,3.49876012674347,3.64967942896358,2.05828030073646,5.71907958184595,5.88782308737379,7.61343653278678,7.08934661719381,4.72226339367732,1.45906211340831,4.99270222226193,7.16312057650222,1.55692152523605,7.59075180371632,5.37873421509868,2.43602610725958,0.723289320600613,1.64647015387642,5.40219798374827,3.53431428429454,3.96154440213909,0.827323822348626,4.20852154706956,1.15883718355624,4.28575735621774,6.64967853997601,5.78314979697424,2.81198769749957,4.93321323804645,3.61824163696542,7.00263570905077,4.49464403108116,7.28681772332027,4.50172660914392,1.66542272505746,5.69943101754855,5.64776483248255,4.17965174450228,6.39644390297003,8.46312068527837,2.98050042424511,7.30570062395207,6.87869506447469,3.95345891221856,7.20432385622434,4.89347133156142,7.19955236897739,2.47385998988525,3.37621496527959,5.76238593547515,9.21199778298802,7.11687404950219,6.04565388065992,7.32240928777033
8.3686937968742,4.73179527722321,6.82868624802974,3.9692853044315,5.04969673191283,5.1044000938179,5.22064589494576,2.1454440166246,7.75081002694469,5.98018989367374,1.41819730886147,5.56029001949644,6.26492190124382,2.62811941690739,6.62221417198288,5.55670107760456,6.98853907713339,4.19307191679409,5.92961536482126,5.12149397184082,5.43258970981539,3.12009288693133,4.77599519638086,7.17091813073156,6.68064687916296,8.39518316959318,2.97136342301622,5.40121986048913,3.27353546454786,6.0840146284806,4.48978344523766,6.13018833919976,6.12816861045946,5.1276028515902,7.35990845503323,2.92997776942526,8.98959553321627,5.78793418589338,3.86545184332275,6.60605014608257,3.96713127742968,4.26108374568969,8.28824224250901,3.923315716155,5.4010337143353,5.81114091345449,1.63289590578299,6.76935950035255,5.97082645888013,6.36068146543609,4.66655681870625,7.68927309471654,2.68385032476183,4.42733635834048,6.24579114662901,1.61860302428521,5.74194766605103,1.76300490670761,5.78433179025525,5.51833023551633,5.69277102367923,3.46168827565678,5.50163408506899,5.08795162899487,5.67427761439328,2.53542796415569,6.48633372955516,5.58153823332445,4.45572893148258,9.74561255023871,2.84605059793245,6.0794034777908,5.10619443361704,3.66227910953637,0.190780193790169,8.13224712612567,3.57142689195987,6.95628318142326,2.90503636992334,4.75535797086777,8.68066214527751,4.59968723374152,5.90538584055356,2.12181522356005,5.81295618079868,4.07647162246506,4.91370075911335,1.35131252929598,8.84182999323486,3.93731393803612,7.05678609520844,7.23289128276631,4.69618059775851,4.68621286231641,5.37413006575727,3.9107769756957,6.67452041433856,3.97620996034707,3.47085232052102,5.13571388799215
3.07035104413135,4.24024886836902,4.32658175826941,3.56353438784944,5.45524442316556,2.83260302992793,3.81371823752159,5.80198205595982,3.80147133494539,4.2043335885255,4.54300154670616,7.63122068413919,7.33248948786667,5.68726424541335,4.25326167544344,2.59461571602804,6.85349385601105,4.93795624057332,3.13879127444399,8.37368990840052,2.53115891704027,5.79803364896477,3.89334100206173,8.06856597218994,1.58028819257354,3.74799071844386,7.27199084455627,3.40963208831407,5.75669775540258,5.02450612075992,0.369340700496725,2.75671823248449,8.32110271231194,4.23135283340312,5.9722612063138,4.64553361387993,4.24724090860483,4.35133837963422,7.5876862621251,3.28775410319198,3.41477000254622,2.93152534764766,6.25940149740948,4.76215485038102,4.44903753335307,4.1272014140501,5.0118082691827,8.86919660155919,2.57423676005322,3.84307437992133,7.37225826416533,5.31957535645813,1.74816485804143,4.22439350003865,3.18944893440232,4.12575424839483,3.53492244887102,5.34847061714394,8.37196687480697,6.01202315638672,3.59314787055044,9.00595645797917,4.10700312169987,6.01265656062299,5.83324853138736,6.59038931599238,1.81692541335449,1.95417175085328,0.668126607423338,4.39533837552607,5.05436930745884,8.73146637639102,4.58185665138818,8.22812871628119,7.60355457654098,5.24811756498762,8.77338058703031,3.83923078400882,5.00713508675588,4.73118071439689,2.98378717924124,3.20858291439356,3.94208710428815,3.81741982672838,3.26274684626367,4.96209635179229,7.28588321248009,5.64595168679136,2.34914290830493,7.14451870901052,3.56244945672791,5.83443305902884,6.46766175424448,3.80897060224336,4.90779706208773,4.93984726572273,3.5093216386109,4.93714232233698,5.31007526115589,1.49149080988124
6.32431038848935,7.55733316308757,5.18952571349271,4.64551542912635,4.50786350723472,4.9822875862886,5.83924353961539,7.32312991208844,4.45565359693075,4.66064111696809,8.56848189654499,2.0946463573423,5.78115835712852,6.17097569455811,4.76448859506673,6.28552363478784,4.47066016115432,6.04805745061727,7.67804173159296,4.07271001414124,6.91212182640904,2.98105099690562,7.59741553973958,1.3203975902519,5.55552007041989,5.29721286666697,2.1133751431347,5.08505754298979,8.56526216067637,4.6686337567325,1.4388425107801,4.86117675941492,7.19300933564388,4.40003939615807,5.70786834307361,5.04338590761048,8.15046880356548,3.14941043026529,7.3184633830526,5.09072700475946,6.70372460544879,4.82020585371741,1.94284108215863,8.2293112529477,3.32419257097354,6.87682227571846,6.94017137317485,6.22414524084943,4.42286062585748,3.88973326714247,5.40764606042633,4.39727202438547,4.01591967426335,6.80484188349552,7.27774078165017,6.4649352607783,2.20578744210396,4.80982807667952,5.34526896059441,4.18033846060036,3.51128746202697,6.91757562799415,3.97604039808898,7.09230242352484,1.30627662542764,5.19607195954679,8.92585559426557,4.85697496531434,5.49619470102634,4.80831630331077,3.43283247451708,7.39221887749277,3.71483014276736,7.96009912726149,6.2702698832014,6.37917040285429,5.79366012341303,3.83658347565099,3.53892190411708,2.53476130871487,5.1455506634634,3.7504897651189,5.54232845411989,0.0190275841471452,4.98529115973401,7.09633605208272,5.073167760845,4.2717910341237,5.49323999313859,3.5238087338906,5.0232739262232,5.39780642691116,5.71692152737982,4.8001642387389,1.46465706172319,5.22390241452662,5.13091895566345,7.10976004382424,5.6335907416554,3.71890110516444
3.89331201200725,3.60133538106983,9.25444143277666,4.19684707336627,5.04844765871939,9.06128622435758,3.90852251355368,5.65269360909697,5.81064954657972,0.570034359648274,4.66737284983791,2.68398170825507,4.72616688765277,2.13959865951817,6.87901860109723,3.78805210990693,4.5395021745588,6.90266098645068,5.33590304801938,6.75781112975274,5.9303021612818,5.02463299648098,4.61688903403371,5.0810172672423,6.48022446285106,2.94632014566431,3.61034173941305,7.9939730134354,5.98671783855901,1.51781393300458,9.02382431659224,5.34467904773681,5.21494335116654,7.69460466257271,4.64861005599944,5.45188675581948,4.95791976141763,5.59912191028206,5.44093039073025,4.5462940638514,2.07621248294851,3.56219539100602,2.94853187865313,5.6231319718213,5.84899429690719,2.26724778497581,6.38927071124224,5.94265884230154,3.16616123379121,5.65666978733184,4.0476391252887,6.50348701358043,3.67097158780008,7.0741661485725,7.00613180172294,3.50540271640619,5.12870928688113,8.98168158468611,1.0798931790406,5.8707693609044,5.31709381098224,5.43436181942491,0.797198806192713,5.6155813324429,4.14351729209032,3.95944606154717,5.45959055660303,6.0954939192792,3.96124514808159,6.15754340519301,4.94993160110216,5.85409005450982,3.70599155376512,1.59191936937403,5.83579678206353,4.36622103415669,3.81812610066848,1.8578749737283,3.24580170475385,5.81744371855998,5.71705927199887,4.27972309088153,4.2078263753344,3.34045058100421,6.30015972003258,3.90040767404079,5.12516955694745,3.09018654726751,9.99933521717947,3.60460431567174,6.52190080794317,1.20562580680636,2.14401228224523,6.4940862916085,5.62017310227049,6.18735843042673,3.85814312414859,5.83597703235544,5.73880609358943,2.71411953281591
9.88841046116621,6.12850105127033,5.39316895698162,6.65976713524308,2.51083506858204,2.77334213352888,7.32184299894187,2.97003545315567,6.69346824678438,7.01629047244433,6.61817478774335,4.90564343010531,2.81239150609874,7.03805879029073,4.55291102777279,2.24548477332519,3.99105693695958,7.86808206266802,2.40923246502263,2.59469559842693,6.11938069760305,2.06344917892853,5.87750511006653,0.699851576937538,2.45365931573756,5.20268057315004,7.00638771268671,6.733562838959,5.5842505289399,5.71910264134941,6.48471570105052,4.92319106217802,7.25006348925765,2.85680126642772,3.29800220433551,4.7572692773636,0.688912802660631,7.43291992483394,3.29273915124801,2.33587414007983,4.15261670667036,6.04371533256711,3.14382231266917,5.58549851833524,6.02970716524308,6.00882820694915,5.19847132445647,4.47789715249054,6.54760016752343,3.09993300420434,6.58067514084334,4.63377136016528,4.23869620073643,5.67198152884409,4.1918660970223,8.02047456206478,5.79252657876929,5.72963020948465,5.831349800748,4.67317638903146,4.79592815703541,3.18269974005777,6.32366465694543,4.32058680594898,4.50108777596777,4.56651828863124,6.01345055557129,7.22296904841466,4.76844209737033,6.33811840342839,4.54834660032784,2.49540916931991,7.47229938225627,3.69575962539121,3.74710978357413,4.00474443865514,1.6909860751787,3.79011689197495,3.11414013546529,3.90368702881009,2.6649164720254,5.03564161422696,3.22640843161534,4.08901947802105,2.10771699471718,6.86393954183784,1.95613323425792,6.77688894547568,3.05575219861524,8.18500331740776,2.16576608573028,4.2097146593283,6.67918737940955,5.21642495467471,8.74004083458253,4.84489802133617,4.47300378530181,2.47199690333734,3.70335146899403,4.57907368729965
4.39074032721653,5.60588391164144,3.06479052089247,3.42838677128417,2.58805092092915,7.27654384915506,6.27963566872919,5.20251672456545,6.03625196748462,6.04852139070075,3.05534130764834,5.32582469146499,1.66040042159114,5.64059786447791,2.62226849683689,3.14801462564781,1.01832116915538,7.4236276443653,3.20418070808957,7.09447697918588,6.60852077838642,1.01955615423407,6.3205156849731,5.43374149293767,7.26395230501663,3.42203542585166,8.4323491769377,6.5950890211443,6.14404217131832,6.90055133136337,5.60508098669377,7.3551672127104,6.14754433253236,3.72689754319407,4.09093468312696,4.90725771445851,7.75904659426394,8.17125873904911,7.67813864194035,4.96536061970663,5.13338516306636,3.72304994205503,7.05831326985679,2.19251567351775,0.96885932847959,4.63947318267321,4.03533131386331,7.25981479657062,3.07464028264439,8.80255749205589,3.21918919067245,5.24880280552841,6.91524110697395,7.63975657522571,2.83011937015303,6.4472771038204,3.78037868698202,2.72028391587254,3.25709254200302,5.72909347365553,1.58643264613536,2.63476652889761,5.24637420688639,2.96409853881072,6.39813149483702,3.95293904852565,6.63651847925411,2.94303438932891,0.691024460828639,2.57180928407754,3.8269010481911,4.64228316850999,3.74923071210583,4.23602461891386,7.25763132141773,9.0575679449976,5.87071552774498,7.66380262994715,6.53226055808837,6.62500288232302,6.44617186181308,3.97739044883139,4.83937583512476,8.50033423072698,5.00605814688289,1.58793755081682,3.97628494915859,1.68380212739415,3.29789562145504,5.26872363764864,2.10123648694278,7.20118276277802,4.91383636215624,4.02578125278378,7.54559911063781,3.89991988198148,4.35364838926682,5.32838511143729,6.1426014366514,5.93472956777632
4.76526026295684,5.43088231354621,4.43020551031334,3.12299756690954,5.54618790070594,3.77021471570243,4.7559591136182,6.98378655828972,8.15882754180842,5.52964127082867,1.09499529191046,6.8818662589422,7.26389310922456,3.99684764733199,6.1999223258512,6.13448771377056,6.48795743815023,3.64230991707347,4.60170527653679,6.03548075412371,2.52931559533952,3.36483252995966,6.09957943917879,3.80426340845183,5.47062805615669,6.37649762936987,6.55277470331846,2.09149433619795,4.57143287429191,3.6225007072524,3.13969756893242,8.27308144746069,6.04483674035357,5.38564879359878,4.80113470579058,6.7407318412383,4.74137402456754,5.81149034806547,2.3547992802182,5.03236906754282,8.33671220295773,3.02124077999812,6.23403030840648,3.74853702969083,0.925825232766051,3.44091997158998,5.14029016005937,5.40826758788178,2.85658032829672,6.46351757351317,8.80388587418585,8.39482895849969,3.66877215990563,5.73768587750641,6.4584728130122,7.22748369195168,5.81339142369763,2.70014575685723,6.62311671528065,8.05024903137341,8.02700284101691,6.74274101496615,7.07321406375989,6.65312276061235,4.34857210987134,4.83954335084784,5.39758054649023,5.39860886831925,1.47759135042991,6.76782630200713,3.18889140093407,0.820168584273854,1.74231026789347,3.30017342824057,5.28643835748403,8.86258480443955,5.21724191549968,2.97081888524268,0.515260330886208,5.53471352816711,2.5456163917593,1.59656313093128,4.27576959603615,4.53107224869773,3.15274098225648,6.10885364900794,4.1727159606335,7.29442454495302,2.81320093936281,7.1813705507039,9.30779461325872,3.93941031814831,6.28816362443256,3.64090976055696,4.82583654351172,5.54453093493,4.47038265968572,4.67306616292002,5.49454747302625,5.68262956655248
6.9388575743643,6.84200599864357,5.32889199405223,5.83561353602579,8.45882806716847,0.612926770115118,5.36929005287136,7.20530151737025,4.77409660369387,4.22348729138736,8.57284503905917,4.21433183453511,6.13929561331364,4.71724794436578,3.27338796400601,10.1909625205892,3.88626026007345,1.48098011223573,5.0269425587186,3.72093736377364,4.4224122507337,3.58677075016624,4.82969983458497,4.84795254889085,4.73680864269783,7.90027148803996,6.57744053159083,4.03455258786636,4.5320889647049,4.21099407261807,3.75253914514347,6.70701091063521,5.35784527611282,6.51929802381616,4.0241248537584,3.06740470378595,9.50009884541372,3.43308338347911,4.25725260905935,6.25525138763903,5.10999203853051,5.75735955206451,3.70807096696398,4.95158106887797,7.51856987791979,5.93353558395151,4.92724192498353,5.70106050645367,4.90049038962065,3.51446906316695,4.80310577282068,1.13624896603686,6.93750825040268,5.26118228911085,5.44100892766384,5.73862258326656,4.08850006313418,1.11335388961019,2.93279894774199,5.9100811352332,3.88520319258087,4.61039869402504,7.90183998785054,9.16862844154538,5.78910102942776,5.39392893587128,5.81163423029219,7.11136626510053,6.30628924710458,3.32324843706879,7.51433051983048,4.27920801728366,7.71473562518192,2.28843688218032,5.18012085559735,6.5404752684694,4.86434680829821,6.00623063133638,3.61328606799038,7.50503084766731,5.98401169965713,7.24903183782325,4.28467548098768,2.40123360216149,6.44920559805112,4.46540878612016,1.15646042249389,4.08441144552829,4.03757400029402,3.93500029065092,3.93141859941405,8.26562526478562,6.35204707470941,4.85156423532885,4.17195249477091,4.74135422775352,3.09281936736859,5.54721187736268,1.96881411211832,5.56005533512677
6.18187925988522,3.22489621531636,2.77625837895133,9.1961956873021,2.8700982622783,2.56862725583395,3.96438795470724,5.56075003317065,4.03069413549447,4.20109616080592,7.62597549610071,3.87533591568845,3.7411998637493,2.13836356679696,3.66172777653389,4.52003090510767,4.04138042829548,6.51270592111895,4.60925546689156,2.75617979340799,7.01257348458239,1.14614470816595,4.16961227552416,2.88065176861961,3.87814037817454,4.04954949830944,1.74378525087097,7.98324010678655,7.02442634164139,3.82578410270455,7.27957214543572,1.81979866730693,0.510920915414647,9.59304414446963,5.16524767319823,6.367871178153,6.79441183442636,2.43865187850869,4.37252423356145,5.31694751239076,3.18856489889638,6.65961302641202,3.50686650216156,5.01227385042716,4.75366710543422,5.73638140779197,5.38402920105396,6.82377209179337,2.96606275701981,8.11708501746873,7.84598228408285,5.10683500740226,5.42393307900306,6.23227480214708,1.36890056782492,2.35955761552885,3.7003236705431,5.29801842409802,3.76049726733399,1.86324297686494,6.10340732785022,5.6783230813506,5.15649325837555,7.95488456818782,4.43967374781209,7.0206007958495,4.19798024113879,3.85972283983214,6.18532503438916,2.31357114951524,3.2574783349081,4.57480224097675,5.77893571448652,5.66062575196688,4.69231638592842,1.36851155224878,2.09637989463767,1.35420041990774,8.1591448488006,4.62360941443345,8.06758755233003,2.51396362115756,5.35766136818475,3.06030970648706,6.3280512717586,4.40388355155642,1.05170600302697,4.60667242416434,5.39047629647506,8.44431322551253,4.18397117703384,7.62453990624407,0.652950931459577,5.10877055612316,4.63530257957797,0.446414294826084,2.72985721321008,1.93297406045035,9.4530303054542,5.36901682108306
2.58208319695324,4.99421397206111,1.14127036148711,4.10227531657336,4.77252662331323,4.90934727698803,5.13597670450555,4.18764518062508,0.244292347783357,5.45429238063344,7.21734946931565,8.00414680373321,3.16518916367154,6.17571530823373,6.51616182528182,6.375072802175,9.12409933550985,9.27316164567726,0.989835999425398,0.517901921565994,4.74257890788258,0.89224891761332,0.930005837600033,3.90489097108745,8.18669332357607,7.22941923809496,7.89957359269192,6.32678819490786,5.55770618513346,3.19009470160063,8.05013565140621,0.202093470303182,4.39236293524418,2.15743062068984,6.49800185247212,5.26780127019687,2.56209328285297,0.366968371334941,2.47251762176227,7.98595939016511,6.96684770599824,3.95533025197859,2.87250282084404,5.59229674129966,5.94554484049794,5.92468238833668,3.18307265865148,6.59858474339887,2.55445694696245,4.92065667728166,6.91768774514523,4.72609131256711,1.72388121371987,6.33277495655965,4.7720808737704,5.75227541768042,5.03244671124899,7.12950618280761,2.47033436385994,1.94267847332761,7.30896839241304,5.85767819518043,3.24526845669289,5.927027444394,3.54816983806209,2.1590473778732,7.84205740797427,8.02222203761585,5.252140916814,3.09103169396426,6.22477938470939,5.6985744635132,4.30644387020289,3.36318841831449,7.21488951445795,2.17536254421694,7.54938613526369,6.0803985089297,6.00007516977586,7.82911065362921,1.49223108420434,1.08476334193973,8.60956388649008,8.48706309834617,3.71321916329919,6.41556320217515,3.08886892929067,4.8585664136658,1.07767700515098,6.02794489953574,4.51787187818827,8.86487773587005,6.76776325034311,5.12864689545857,2.5649020968647,2.4490230245291,7.38894071952514,6.87089811363497,3.26789697995703,7.54957668874527
4.39614315318856,4.60965275154676,4.05947828661118,2.80942381501957,3.71249705814159,8.19762524875609,4.63040568889256,7.57282538028948,3.72790398588284,3.7776860394567,3.01359855021816,4.04547672698504,6.99131604479271,6.73792714797312,6.95442464530837,4.69642202752072,5.75556723878181,7.06480415053979,5.55611032629455,8.00405295711295,4.88986310504456,8.23234877842115,4.09508220529436,5.19068192996408,3.90273288712607,7.16727518475581,3.05819541116634,1.42844137600236,3.65972812458415,5.3699942727283,4.83719912816455,5.01497914080403,6.36832690026205,4.59725204228647,5.21843348154294,5.69919132939603,5.43526754393672,5.22980001805991,6.62227542424559,8.26971610367438,4.92375395693722,5.60940554593706,5.66483835723629,7.03618883846884,5.80097670720689,8.13428084253083,3.91694811143148,7.31605112680026,6.51351447687689,7.0629601838155,2.61731574151207,6.065842106944,6.4665163293927,5.62250367775762,2.05437630388918,5.80010712394167,4.66118718214895,5.81974073865827,4.22410257765,2.69938672324227,5.38407783981766,3.92222659594146,5.47225094332728,9.92505055608985,5.73980626558373,2.90524283270196,5.90886762444681,6.33814183477429,5.04545439677037,5.50119270989543,6.23037150136985,1.49245360225123,6.88999129229787,3.15054422984838,3.38370849810666,2.27852430920004,7.22582369059361,3.83196234332423,5.63037012693276,3.59971903516426,6.41380407322846,0.248692779695418,3.58184133181841,5.561256773148,5.640250275298,6.25870384068438,4.95034198924005,4.19194704693467,6.58309322054569,5.42485446871862,6.32069609973475,4.17292784934852,4.62901189116373,5.38130205047025,7.61045711605192,5.46341233475522,4.9949597598657,1.39717488272606,6.19709898149724,4.80828351255594
5.80252095030613,0.530642197510733,6.06877566792746,3.94205449907597,6.8812968355119,6.85508439904227,2.19261676960947,4.49193884277775,5.0713275408116,6.08130095560593,6.05219960603848,3.49967286309231,3.22102364820341,5.9133099834884,7.97392085494568,5.45508852005521,3.45137590609755,0.298204341391621,3.59803845387458,2.78887723752677,4.44628403383608,6.17591306748652,5.97438044951132,7.73773107233758,4.85347800067299,11.1680009760356,6.26139571129792,3.15457873639245,5.21276798526086,6.20779367568644,4.17348954951974,4.09320410967964,4.43767104359848,6.92769825020382,1.91203070041861,3.68379542376283,5.22402806407483,4.8380767240464,1.86617169397259,2.48147991193321,5.10044161722076,3.56858933722736,5.51740949912464,9.94327419683014,1.17520312072675,6.84008484468041,4.46422968836995,9.06652990485971,8.54483472443508,6.86943449500217,6.97390073419905,2.92867965710847,3.51958456194138,0.524219725885222,1.70300608464474,3.74308381011771,3.18149481225156,4.19997162087134,2.75430757245122,2.5963313000691,1.97104303329482,2.03351370850197,1.80089079624081,6.71450177084943,3.9185296372004,7.493706145137,1.97770014320053,6.02743822136711,6.78046771376445,3.80058440640208,5.44580932056432,5.64934974447472,2.25239242711279,5.84201307692539,4.4768752239065,4.33844654438909,3.02624179627147,5.89138076730072,6.41305608183175,5.52806621564332,5.73929851686349,2.49159592863163,1.05835696058067,6.18288054059301,6.42280344109841,0.994830485263823,0.887486053868029,2.93897058554828,6.55214113057397,5.02914103073364,4.81264517302927,6.31834941810594,10.7839959480371,5.79455923481675,3.89920361305144,1.09700080226816,5.64023149955754,4.50502610174309,4.65259008802155,2.54927552949114
1.62326351720365,5.95664596993807,3.15790011458308,4.03041212389885,8.83762035185424,6.65856910484203,5.45948141109896,2.71110259257087,4.78166624669763,6.81991000346861,3.46385797553101,2.96388270095478,7.65195349664782,2.28808095141371,6.61836404669756,3.66270392389851,7.77133276193149,6.02033282030536,6.2898694112069,5.81576268726192,5.68502474620703,3.35940843063596,3.13446263149874,5.88410702811522,8.40425024886653,5.04835730089283,6.75878079368715,4.54447724967106,6.19057575544346,6.68641526357996,5.35585219428803,8.51317451812843,8.46180980408375,3.44859776261001,2.06626388743927,4.19111763738604,3.16989722869145,3.82652419412721,2.09911178755283,4.50141459478169,3.14831792466157,8.58432756744422,3.41187148795986,3.68640993455128,6.15178218105812,3.88773038311118,6.03193962302063,5.25410175559454,3.22297853370939,3.17205306582192,4.6991188901345,2.16573041427723,8.14487402778557,2.08061148353384,3.01090073698477,2.32326457746611,7.72000626656053,2.70059857227881,6.76136047526709,6.98646664823776,2.34221418365199,1.10508772526901,6.97115563160985,7.31233525016975,4.62300259123309,8.28681601135442,9.80862063114254,4.9937301058131,2.98942819609075,4.62554452113096,3.78572642574598,5.11504034398187,3.80723509283992,1.62028736579123,7.55556779472216,4.8713128438686,4.86997782833907,7.37163304970142,7.9157215723909,4.85268105614263,5.7702025010157,4.96280054730329,2.46110432793933,4.35271878018738,6.43445230312544,8.31110909555158,3.26165107654921,3.07833311030438,6.24913920471478,5.45846141178659,7.0449410912716,9.03206607597148,5.37225208762687,2.27042183297366,2.72945863162788,3.16127018540757,2.61810656939026,4.16344137041129,5.06517280425063,7.61606582281519
3.574015057244,8.24538403080315,6.36874870525031,5.25551408409544,2.98790889987083,7.04920775160357,3.22183739708932,5.53282182029067,1.25738967694902,7.81324455270645,6.05800010195627,2.89062101800463,5.6819012417897,6.28761558089284,7.09918259615941,5.06165813316699,4.23507868983111,7.77257750150183,6.39631117257003,4.0219219143625,7.91055979035324,7.20474394885919,7.79305962928911,0.849587072213184,6.86767866920778,3.41898703435361,2.7423113216225,2.85535394877247,6.52552745646734,1.21643157977733,1.77648031093183,8.05525727354395,0.62227049093338,5.31705881936354,4.85928746430098,4.1260180704983,2.61320245522244,7.71291073460352,6.95947224549677,6.91827568576403,4.29650857380123,5.57462967787026,2.29105774432445,5.15482521724623,2.45618767351391,5.49680765935859,1.99509487584117,6.69242731933049,6.72853463267822,2.72107384924961,5.11960696098664,4.98375333265585,7.86905810199361,2.99445643714187,5.92903203562019,4.00695768065133,1.67026918866626,3.11799990023925,8.81307363313342,4.5527787996353,5.8322175383421,7.8244842199289,5.53700499914403,8.15596849104121,6.73959104528233,2.7333706039707,3.97391705509366,4.11765848794185,5.56483655012762,4.32384889982063,6.22802737646449,6.30797282775816,2.49829571671911,4.63747819351543,7.38201151270389,3.54006588855331,7.15392602708754,7.48274353835921,3.66105323159142,6.90769796582852,6.12600140976919,6.34527520121036,2.17483230176698,6.3069033874515,6.31977585465834,7.13067565637639,4.50216196958592,5.15457772629541,7.35114298309076,9.40775051608872,8.40827351254146,5.90429547799876,5.37603834305516,5.37624311714409,5.79710353260537,5.38485376209298,7.20505897141228,5.40944327054819,4.79654756206687,6.64547205966448
4.49139932668046,2.60785182891238,8.04415754022214,4.85065378635159,6.09416526082918,4.047523863379,4.67919764660151,6.27371149667945,4.84133381941611,3.48882575746704,5.28507598349562,3.71730949192503,7.52415299526029,5.14020237572915,2.24336537024411,5.0568591152414,7.19635973961074,1.39287438978116,6.99454201669371,2.39442213986151,3.48082575700427,4.52122358317353,5.63394414468011,4.38438067301317,4.22752485171091,4.69636429764863,5.52858174327562,6.49220495817189,4.31659019914318,4.17205082965834,6.86876922500588,5.33440478426917,3.47991962833581,4.30233396777282,3.44764869570159,2.81980589700753,6.67306158522712,5.99658851609692,5.74033313030415,6.0826241575845,1.91128107431036,3.86640712986497,4.25601959308804,3.3142792034342,2.73214604916473,4.74092602551957,2.5974023890325,5.47269815969586,5.40468567478494,1.52433707856391,7.63415133259443,6.34832796638929,0.720100592449451,4.56787419502335,3.33254608833433,2.74206679438952,6.82147381530529,5.26599853305213,5.48849900757835,4.42709625422514,6.27224213359309,4.40843658330524,0.760806630756696,5.03695300283815,5.4488282739206,1.60915270965018,6.875752536762,5.10428234270275,6.49252292137607,8.43488367600235,6.01248006850421,3.89296431810595,2.27854182729107,6.11180824408917,6.32758797226586,5.85153205525179,7.34917641921243,4.87776722741895,2.70300862983992,3.74193764260739,3.61118788977872,4.38345354010352,5.38307312445606,5.61562068057697,4.1731586385636,2.58539835076374,4.12678604709545,6.01186849556808,6.27609103837019,3.36531445667021,5.47887765434357,5.49117545972021,7.69328757838941,2.77131039228288,2.75679046663659,7.39629983213077,5.59714298380058,2.28346018572672,7.96898266356136,3.84079976163033
2.99686634305707,8.31901832433068,5.38922660987357,4.28167572889599,5.06769411710696,8.27773678576212,4.5157264126666,2.19576981460132,4.3628062885086,4.95881514231667,1.91901337398401,7.80907474517638,9.37931475180009,5.02078312236464,2.66724053666315,4.26908985273212,6.63937956865663,1.94692384172669,1.71343170088877,2.95677994168889,5.07825631042006,6.21888200059892,6.8022404785696,2.09174090786566,7.00585014274366,6.41548367282256,5.18238982250677,3.54033512075062,8.22372428763769,4.31354092663844,6.55953296013753,0.846486231795749,2.86118816968555,3.90323935828469,4.24511409692899,7.06358255896953,7.98191446688714,5.80732961780101,5.34663298192745,7.26157619543438,1.43936792389713,8.32070338997138,3.63688695666254,5.49391825832556,5.3407607062373,0.501131476566814,7.10010405260677,7.03218210823344,3.33873113048786,4.58223675023458,5.0637410317798,8.12896602911243,4.47998525180619,6.52649675273895,1.72118665484051,6.00157087992484,8.36956481430176,4.01595621710862,2.72925499225986,6.76803080548703,3.64502700693462,9.19784862601599,1.58473408084334,4.41132884189214,6.13892273207186,4.62051495208597,6.68149162207352,5.11574405185311,6.78431779334979,3.36615301460448,6.61821265654867,5.01753064646674,3.87552598772109,3.37434332358528,6.09007017104247,4.09064971715451,1.98177331628931,3.31638528121319,3.72352272204146,4.7469862827997,4.5519866023965,4.28494361772904,8.67503217143328,3.42183773515495,5.78960227146878,6.6366301372364,8.0467290453878,5.05925514084498,5.38471367341999,2.96046254691577,2.49415655782023,4.77798037663323,5.04293378421207,1.73043881568774,7.80100253099118,8.13546104437709,2.8743465373591,2.45519436452703,7.8986792208873,6.03588206007829
3.15179929287562,5.40909086776575,8.39444943501685,0.903038882011122,4.36834214115597,3.73589808348502,4.94232560734913,1.97635034596649,5.23636223705683,5.27571703169259,3.4463818023915,4.86849732703809,8.73347285391928,6.44239995601215,5.90106332508967,0.583975609589386,6.03807683905679,2.40625703352847,3.39847492298374,5.71436292624893,4.86475673436241,5.92801304032955,4.02179926031655,7.61923262816161,0.823707537029144,1.66472845763185,6.48141129104994,6.88601841041063,4.36741367787025,4.15181571221698,6.89771819252556,0.474483491229437,4.30623330323527,6.54975873246919,4.39106246540448,6.21401295530208,1.54497247083623,6.09614333228736,4.45281707525178,4.09503875083762,6.58121950226595,5.32455877533619,4.64084201082595,4.2424448174207,5.90714707628373,7.33772759910943,1.3641849115642,5.63801903728287,6.0393679723953,6.51119520759903,4.87452030437953,3.43756324681206,6.77813335462753,3.13621439091364,5.75810801413784,0.938213753621296,4.82909933042911,5.22349852030665,7.80930956269443,6.07400442714033,4.35646809274284,5.2740188069534,2.51478069266851,7.97645156082467,5.45333671852286,5.23168111197953,6.00371778528907,3.54928669737878,6.33221040814234,7.65287491967196,7.2605732295755,3.77332977536451,4.74510635337504,4.4683691792692,5.16423889136921,10.049784877392,5.25660343933828,1.79245556414819,3.00162409278734,6.88042149638306,2.43770743291688,6.43813129415487,3.25321651887168,4.29063779645167,3.85512101598994,2.32448446708467,3.49323482546102,6.26598521079732,2.07721189550643,6.15788249295889,9.56534489712939,4.96798448987013,7.8608446815318,2.45278714032504,5.07334125975189,5.68576476710059,5.11546569898948,6.78447791260991,3.84942866873721,2.609430764703
5.88049113791291,7.77195170541718,5.55613637243494,3.49763995881647,5.57708918532659,2.24076284799643,4.36756905159485,4.39761428147288,6.06480726212504,3.15691921501398,1.10659958154211,4.9012147667402,6.47018233116522,5.18762980492225,6.10797347858297,5.59407885442718,2.37136460643481,1.46505828977994,5.48546806605165,3.71785939478769,4.76128709594812,6.12107247715238,3.54492856115687,7.94017322726516,3.37272868420224,6.22713617256663,6.24794004671521,4.93411427840188,2.10084202856737,2.30625543724311,4.44213151605624,6.51837494054561,6.495741137203,4.55632009401399,2.6700660326666,3.19610304497791,5.73375663509038,6.3800070948075,5.09050328177587,2.90451155476908,4.64384934900481,2.79122773967546,5.83958539079826,8.73254418028739,3.12411536858116,4.05714952155366,7.40764119126685,3.34470147202901,5.45542213735073,5.55637953196764,0.946173081725998,5.80157224370606,4.99990610368495,5.02315129412836,3.40783742062642,7.49625854220743,5.80693036126908,4.88017717771103,4.54816159270072,6.56922945104228,4.21300132656896,3.64040212289745,1.5786312570455,5.66317460402418,8.15777343092022,4.10585346531871,6.83998162586429,6.92295262526234,3.53574057002261,9.06263696151838,2.98550737668097,6.6991041012225,7.69762719064476,2.35744242235181,4.39080053098325,1.65333010781541,8.23972556447086,7.12548510676195,2.22999337702487,1.17065351446952,6.81768576486044,4.1864220967643,5.64041007321851,6.72937789356717,3.24842604903349,5.8698874176163,1.94942982012543,4.22853948505006,0.0462842721604755,5.12254666116725,7.79495603651463,5.58539590317868,4.99141355276772,0.130442404388304,5.1574929159152,7.76316435669907,5.52269614405817,7.23924496393603,6.17837693143187,6.02392826912713
4.34636677810104,3.28437641040002,3.85797907430302,1.83723399964625,4.31121559588852,4.48508850388162,4.16767982515249,5.98272229776503,4.60463212004432,6.15304686274742,6.7429485803697,6.02165491440733,3.4273912021168,3.87148593656281,5.34306757055227,9.25940131709479,5.51405376025549,6.73065653040742,4.78856204386273,2.96986014378368,3.53277141827442,5.50408837071017,3.92416814179248,8.02085805918985,3.546490576786,5.71607969692583,3.77296705757938,3.77110097726458,5.90129436341014,3.02118631910211,2.09304740149156,0.635977710099325,9.07656891955021,5.1809572022922,5.52988226631094,5.30023217515958,5.26120156641188,4.42511886609573,8.14161183327408,2.65552026347023,5.4728863906003,4.93275161420648,2.51880872121912,7.00545141580462,3.50868989208272,5.06532768995743,0.265753152371514,3.15348516699358,8.05107528052441,5.83914734628753,6.40184546935007,2.95624860803433,4.76905582087654,5.95717333149597,3.90415168047098,5.88561024763762,2.89394334653674,3.04081604899323,5.26105622703427,2.71087312513234,1.61862313883771,6.86945659056263,4.03735883350979,6.69954823144887,8.36755327124646,1.46047830607985,6.24988820267934,4.11561529277579,5.83709301293945,0.378641537934445,4.11136520832475,4.46765932646683,3.62262205595927,4.13358152684894,4.53767802441308,6.27026321166165,4.99244893675715,5.47306839335158,6.43025394338094,4.76605179364257,4.1422530080596,7.3839699203476,5.7127412141236,6.78359582207789,3.31536094021678,7.99510531227153,7.83828839450002,7.69423882779077,4.76481746738066,4.13166411424544,9.36490687932698,5.03982337016568,6.87623892797414,5.84955418095061,3.48170515807312,6.54632648582093,4.45441108234567,1.76891690085178,5.83716298149333,5.37783190402908
4.45104824935142,6.37172415173725,4.68424112001836,4.42044788488506,5.2332628701702,8.35994542282267,2.95220808594833,3.20368700844277,8.3287580541879,5.59778743910905,5.38192429704472,5.57012518639841,3.24605148699484,5.01404736490534,3.38623705921386,7.65008228518862,5.69720989100332,3.45519037267455,4.64195424625191,4.77742911984812,2.86556431582527,2.60063915310739,5.56379560334302,4.88468940926224,5.06940034616689,0.69654981080854,2.84070216039796,3.66874039893649,7.25979939576351,5.26229198255215,6.9702549656589,8.43488965790879,8.95043281494441,7.3852830345294,7.87645726223758,6.48167530910801,2.8377698803696,3.96219929836042,3.60328766895806,3.37146948416938,8.61425201509542,6.21558328810395,5.32516065760525,7.35571849090588,3.5520614830868,3.52928551862454,4.29662763183595,7.02672371600014,3.44260909659621,3.28314030032097,1.51742704537273,3.44921907876894,4.37511291461256,6.52375630502577,2.04536628609827,4.12893338765118,9.51826905592613,5.96518254936142,2.6403469649345,6.31554057153673,4.93566104892626,4.39941127751025,3.00260841574498,6.31921136311944,6.24641095120473,2.41009589072671,3.9734498869951,6.22208420087157,3.34259064363929,3.7441742092539,5.03805720942134,4.75999685936104,5.69143924504007,1.74317087888267,6.07483766663103,1.13105717399669,0.620921810436831,1.94141413435121,5.4787415463371,3.74952420105533,4.81575651817031,2.48718132337397,7.0246699989248,4.50386849782006,2.14166833901989,8.03188876924003,4.99810407020639,1.88259970580302,5.13182535166958,3.24066936333779,4.53569201305242,6.0504344436696,5.18326036648581,5.57835373113561,7.26241867366518,0.24212446218495,1.47939716383245,5.96440040398181,5.98509265963791,5.71846514193374
7.5682841177389,3.83667492091073,9.97667870697906,3.61609094396439,6.0859319358973,0.0917160753564632,7.19899055021676,1.84989037106915,5.6289901727879,3.27539792672952,6.69914525813529,4.91164051671355,2.55826374447359,3.87692502764943,6.95770575640369,4.76765710664167,5.31756376115798,4.77830856118897,2.16185644600668,4.61583309230043,2.59302847397618,3.24251132413271,3.60211654765982,5.27614322507762,3.88588909542115,7.98040192696246,8.03123359752595,4.26265282002867,1.08398335280345,9.4120149297943,5.52835044425401,0.704569861229976,5.6022323799809,5.28384005637437,5.72220812462049,4.67521576179153,1.74701753376607,7.50092466525722,4.14547429897692,4.37167711881708,0.243143935270058,4.45757030499215,6.16304891858692,3.82179073363854,4.97587064968934,8.63632053641793,8.26285680866546,2.23514933168991,5.86577360921698,0.68619656379809,3.01894314893892,4.20516175590247,0.939840292126101,3.06846472551185,4.42447789622356,4.52817629818887,5.54904252785743,4.28097049290264,3.34258886093002,4.26864695203587,2.1234436756581,5.94408962817302,5.793906395373,3.25427837559261,3.52552963449178,7.94317490293294,7.2161231669316,4.75185631823329,5.49712090104773,5.28006839834612,1.6466690882174,7.24748284706282,3.59640315622094,7.15121944173429,4.21983681900172,8.1945889255814,6.00729623369927,4.48992526484855,5.23296236395296,4.88823028011529,2.81595117409482,4.83545138789368,6.54369603169659,3.58907723638071,5.57272764794915,7.97484726520457,4.77970787258192,4.00181454266987,3.04023217063086,5.95943742015057,5.5787500908257,5.90526558005361,5.1704822306677,6.96091111788109,8.45692249260964,4.82610816990378,4.42151853681852,5.35586863573537,7.02886212799148,6.69423895227159
5.60842355317332,3.63089418076224,7.14273818807431,4.65602410854524,7.28789508856707,5.02415756811842,6.63542494094445,3.99348666615266,6.20318351741777,3.37972381709015,3.87303653496672,9.32123881634194,8.23330371426699,8.51191939483166,7.34207099542397,2.05970755789624,4.63017374338383,2.53270924846349,6.26178062569479,3.1803116940906,4.31100111636262,2.66353917192765,0.477145669967967,7.01868866394556,4.52746241280763,2.15484925479713,2.1149598045495,4.82044866670208,4.6723607224824,4.02394811975699,5.36363987276941,5.70425200839268,3.27740132773397,4.5744330214002,8.78015116221825,3.7332507603162,6.21863820016728,4.57644603595133,5.16597244268561,6.09645596490536,2.59632650621986,5.99279825389019,4.57219505557604,3.82894181066946,4.73883422336884,4.88904965771826,5.28249900086466,6.1076849548334,6.17647180124998,4.95483511752445,5.68670571536857,5.42351150849078,1.50858611722831,4.70728233359892,5.01403856238864,7.89331941944007,2.18238888274107,6.99115412805901,2.68903177112809,3.85894408044735,3.90580133586254,1.20584675638207,4.12408109171023,5.85770262275422,7.76135482429212,1.18097066609474,6.1448786432544,2.64078260219761,7.6784792368826,6.0076667423345,3.1042570085266,3.70596881456304,9.48676059778503,3.44964439150425,5.86803691133832,6.47495526302411,1.60880022610578,6.31640348132191,2.94819011064623,9.04367694379077,4.4398113861479,7.65943580118656,2.80664168906323,6.62873055806823,1.57632361328832,2.02617019749093,4.28652210771855,4.70591008717898,7.51338598333065,4.55557186679102,6.63131041239631,3.45107000492399,8.70149349126848,4.48760205157856,5.44634463488151,4.75531605289945,4.53283178311646,7.83724608330778,3.75151714740922,3.40941126725686
7.54736531180265,5.75694584419144,5.68443815308709,4.55487197953415,2.43090230980955,8.92185022233128,5.33775101925579,3.75418311806813,2.14088492848608,5.94511179607852,7.40883385622003,5.50287570944289,5.99608751121489,5.34085320761816,4.4904980022412,4.24145633099369,8.90039686137635,7.6603246896523,5.83962137590958,5.77921551414103,4.9562992090546,8.07955204584029,5.59623877156026,4.80763608342082,6.47278549827757,2.18513389272074,6.32664212443874,6.39928842269545,0.836171790126364,4.88280707882659,4.02114197759778,5.22207400532025,7.07471686742148,7.63682252523618,7.96870959219388,3.2089583139292,4.23248810427619,5.27991964752769,7.90872629730291,3.82782875151405,4.84964268560212,2.96689567204409,1.07289798818868,5.55627099554712,5.0032584912326,3.93568195919576,5.62569406739927,4.87505722312138,7.82222929629372,5.88907688164301,5.46285232505397,4.65214183766779,6.46662111617073,6.73990279981996,3.62189020064899,2.74508231851159,2.53038746589952,4.8126104434239,7.20782077055432,4.3454392400906,3.80550219932715,5.10721637321055,6.88478619468377,3.24653854665119,8.07315757139198,5.81790641132758,3.44835545779172,7.04190398862363,7.44962381559308,2.79009045037673,6.48014092039344,5.66937908054003,3.63785590000287,6.86534825134928,5.20135111737583,3.73750355491645,6.56927830842318,4.42965501289192,0.831192018300311,5.67251524847021,6.96626168437264,3.59517565413682,5.05471983717172,5.3341809636912,3.38752085726644,4.65516061194939,3.68249144735315,6.52245572195364,1.51012211346125,8.11035556059455,4.63733575100211,5.05301606164943,4.59364928631228,3.20773965355388,5.39435514949053,7.8360575425488,8.06150351508856,3.52969795648956,5.44187192371638,0.959058253577559
7.06689586447687,7.62591481923024,5.44265485329168,6.83848255766133,6.83962358080395,4.22818903765038,5.07733088085933,3.6303400206003,4.05400170785493,6.13699805071896,8.40898537391334,3.48439451316148,8.20511854173161,7.13039040770125,4.47644105279101,2.06998813741506,8.46283709205402,3.20918654038488,3.44718968152571,4.53984416982721,8.44394001278263,4.42975257352577,3.48371275024535,9.15607373966621,4.78839528918095,2.81528741118587,6.23110344003963,1.27757070241152,2.97160418631293,5.76301473247458,4.71213800074753,5.27726647813919,6.50507866769168,2.73267538039029,3.22239826084062,9.06893060651016,5.52941331585028,6.97110565641765,7.53073154481211,1.43932927583061,4.75079698142097,8.42653907658661,6.02260235608342,2.53667735870199,6.37588730035754,3.0804755941505,7.67217948860652,6.67670119628159,3.46125539194291,5.93547756313742,3.34811101675668,5.11459466074797,2.48254859365037,5.60683709593167,6.34543548666985,5.88169874983339,4.75988377135443,3.2194549877926,2.16866714590564,1.76448056880128,2.72687424110042,3.23998233998348,7.41505014188711,1.579584612924,4.01624149231726,7.23886215122218,6.47190477975202,6.82907387774689,7.78675806394704,4.19032364115074,6.39470325237289,5.5767418810181,8.83361698196307,8.41854703035144,5.44429356051688,3.93911579929095,7.60438134697697,6.7181979681025,1.37555823599809,3.23772812943613,5.89036406091325,5.04249719447252,5.24888284806087,5.74681695245006,4.99248573397043,4.13043931750435,3.72173197190645,9.34159633137941,2.73347264102232,2.30686928561308,3.31859170914956,2.67814539499773,4.20939031751872,2.56262243320796,8.87046048923633,7.15067442377504,3.52197339267486,5.55259403158881,4.81792459981382,4.14140101977328
6.33076831228488,5.62804304171072,5.13672548412005,2.77986903981025,3.30781967825732,6.82151509583427,7.15634978354447,4.55696647118479,4.02422234174995,7.82619653876352,4.88398278753858,9.05822864743281,6.27115115653757,8.00831226102878,7.71401707400316,7.15029652574057,4.98581293413822,4.99744003850502,3.44676258668397,5.37605400285366,6.28529472071492,4.91840353952996,5.37258036996728,5.09500278908524,3.49277048829335,4.28311365700994,3.74225049616904,7.2073923475052,5.22472578985306,7.79218733240759,7.70854996466158,7.0154193481672,3.59353816341653,4.90458400317595,2.68205653075629,11.0065341135085,2.84816695203441,6.01900660079757,4.27837917053242,8.31406045448594,4.21229754036356,6.21047620604396,2.22507764201047,4.8014921511854,4.95852575168367,5.03315951013393,0.965646482511863,4.60047209625367,4.33938218465854,5.46720176467455,4.52140192907129,3.52055474154098,7.94521055214589,4.42591088836702,1.45019301948047,4.7531186077924,8.12301913874859,4.12922296099166,7.6593999203584,6.73143874880596,7.13832716075647,3.63326824508502,4.33636137430012,5.35554462750951,9.68995660805638,4.38652914161504,3.82286094678389,7.6279105716601,4.38682180076129,7.7438119782661,5.54264294971569,3.93397063163086,9.05712222098439,3.30714816388065,4.97346645542191,2.92652063252802,3.48822903477569,7.28797610656377,4.35149143115145,5.68165719250297,2.63490236537155,8.52123841315676,4.57485637962542,5.03760090840315,2.20047233640256,4.07660462547013,7.19524395755497,1.17662328037682,0.497499379687429,0.454077852487381,6.96779781529165,2.59965921417269,6.57375406418058,3.30468077246311,4.15382866365944,2.45879181867121,6.56527674683985,5.38096122852466,2.58408756387096,5.23108804892151
4.3733437828297,3.99562965215893,5.61484320482099,3.67822200558745,2.1613914541317,2.10373841160682,5.7588545941879,5.7761016653875,7.0547772983591,5.11763476076707,6.54175343349137,3.48049166204312,2.8631364038681,6.3199193949756,7.09639085534734,2.54775024627494,6.01058741220618,7.15151794633854,2.95966438838138,0.949535420343492,3.75245696693916,4.96748723325299,4.83220244017616,7.33102194357497,2.11623439905315,1.33418040912906,5.61210870218592,6.32032416280008,2.40280507321222,5.32676721623652,5.69736974343778,4.50606082830787,5.7750775198314,5.57045386719522,3.16190748993287,3.99659662727123,1.59016001775243,3.91619527392677,3.04662139767357,4.2450340952573,8.6914488135985,5.27066032037844,10.0001540197463,7.99381839208358,3.32058242603754,8.18059857861161,6.21928248746017,4.28318072700264,8.76194396699426,4.82654204861943,9.50089121313995,5.6169161952617,5.76975053451153,3.78340759815443,5.29155906239257,3.56513980242104,4.1088160173619,2.50768604856749,4.39419747651379,4.01105265061686,3.27855136243777,5.04292606766726,4.64998201013417,6.8802875026151,4.18202369602983,6.91470150208476,1.9897034476213,7.60509844619984,7.08448379616574,2.78669728674392,5.327607988604,1.09615567350025,1.32308065708546,5.37047661875945,5.49489426981314,4.66177442684025,2.4261827248477,3.400468881407,3.20716119943862,3.82090005727834,4.05013108108024,6.51013131172626,3.40932592791204,7.09178751431532,4.4926054653916,6.52695395451682,4.51531988022156,5.40424530327228,1.39618078755609,4.48378048025378,0.0667376416641554,5.33040502229694,6.70430674173906,4.39067474724297,5.18249151608046,6.19905923627431,3.94229319737903,4.11345661131262,5.02742423170699,3.44094575193358
5.92815337064623,7.5042292070415,8.01726772703729,3.25245017537991,0.331395178308767,2.7567708075643,2.8436508820778,3.38736708858581,2.80847262753993,3.83310415827995,4.94461935247245,6.08199761621546,1.58414607101333,3.32359784773125,9.45779697111136,1.11265646712612,7.75187483842478,5.55358649367466,5.33508353160421,2.17149803399978,1.05743020710317,4.90303349724246,7.41101835053286,6.18554577061785,4.58585073666554,5.35075818366285,6.66846084829461,5.82512959926612,3.15477785499746,4.8510375238971,6.70659940109782,7.46066866088308,7.98226497025276,2.42958851324231,8.66672294522296,5.89977733840214,4.81983459599939,7.76616020985444,4.22011396982791,6.62913806099582,7.11996852651777,7.41887207077314,4.74257645348732,7.98777255441392,4.37117441502018,3.80110712434061,3.93579119878527,4.30273335196844,5.66645127649696,2.76819470087652,3.75874778867253,8.84938139726877,4.84089411034569,7.18388644207931,2.67467380822681,8.76072470038584,3.26453189674084,7.17972165775858,4.73678397405332,0.438089106931188,4.39705283971237,8.0322443378477,3.9317323319731,5.75992130676047,3.58062283043487,5.2131059328658,6.71332327308121,4.41342748753833,2.41344044872853,5.05521769773676,4.0266763452916,7.3072942778501,4.09411233718172,3.85294433034513,4.28261094490962,3.51431788411008,2.91256752748337,5.78574989868577,6.51128427836758,5.56794319185079,7.23658389296591,4.70321921862667,6.6296389844005,6.3118637800071,5.54967224928028,9.16524343491318,7.75775714229864,1.44154151057043,6.72599842478885,7.01897347078305,3.24912228549422,3.39221694186081,1.58760843976276,0.280086143933005,10.7949313824774,9.47669104585969,5.9688603005212,3.15534582514894,4.00397914349211,7.19039981356344
5.95721171962474,4.39368924393863,6.23168447820042,4.73438059773475,6.67021228160834,3.05276418830921,5.3775269365898,3.90557389128006,3.16710878310513,5.54024617022017,7.60626219199413,0.466469994297225,2.95756316179126,5.78937811928985,2.05896237616925,7.90131555087841,9.33304853129816,9.4628015671362,2.50479238844288,6.48013141866725,6.00544064392817,3.73310279048752,6.90917359143018,4.35388325264504,4.54687267300324,5.66076993148467,3.41753846591539,1.78672876838288,2.37447385422093,2.9127537009876,7.02417309591946,5.67026622620059,2.008037377854,7.94350133912734,6.67817909599962,7.62069623923073,5.56935753597155,4.34448976954684,5.83580089826863,6.48694883518774,8.65104792558033,1.32779129140509,5.19884476423624,8.58202281637423,3.89992832546353,4.88254759074508,7.72820403878921,0.929761062555721,3.3900159320485,7.9793219275194,5.25951049533193,8.70046864557305,4.21567945646972,5.10154435126509,3.25928319097747,5.76767384619445,5.29734301258231,4.025111776479,1.59291616805731,3.57888321405877,6.03444957170239,3.37809686177559,2.26317115906575,4.19080401549833,6.05081773267445,1.04417852996099,5.47576899934972,6.55566422226488,8.57792497654631,4.56989426067373,9.48835351888149,4.51084165952513,3.98448552569968,3.90507197494873,7.4022485496769,4.18227981073101,4.40537542990496,4.92288415239851,8.60960680421325,4.95220050648821,4.14575501415598,5.89956480232191,6.12966591371319,6.85275687590473,1.62657296498147,6.76612609567486,2.48491947914972,3.06886315326642,4.61098697622894,6.86305108087564,2.29039379907821,4.38345035276404,5.7705375106295,6.09094208493261,5.98816542332245,4.05777836077981,2.47459232909952,7.78882718144326,5.09216879427748,4.70488181255647
10.072471589492,6.62246372888959,5.17962403617319,5.61097820721743,9.75489309787917,4.86562615618597,8.16626701510251,7.42698828817354,7.10818955840207,7.15609288190909,3.57682822854019,2.26556354569064,4.54578775554954,4.24074801139633,2.9374999172375,6.43595371769726,5.40908129647019,4.36628199863168,2.48393331578044,6.02211038452787,3.93121316679595,5.07249373101791,8.09826104226136,4.84696322975884,5.72529278977935,5.0178928954172,2.81524559181928,3.38995705846304,4.71487557248039,5.03151042020195,3.14223855661963,7.58391578245044,7.57740577408216,2.71540199644668,2.53196689912453,6.52696373083301,4.1138766887183,4.05462623203097,5.19365714025759,4.80691354223863,3.82389396186518,4.53999197507914,2.98542047103469,3.3997978836757,10.1859077796528,4.26838086031873,4.28042759979628,4.88774845105066,6.10795332682548,5.97224973846242,4.91384744537953,6.07157601405914,7.03580152796225,1.37342853481304,4.56340247462257,5.62715206712048,4.9424246262212,6.37327920844416,7.77044481434672,0.0551647523445586,6.08890572031609,1.92176768100892,5.66430181233082,1.04442155846548,5.68899508627428,4.16047358183577,5.18356577723927,2.13537725210518,4.90910049914787,5.23306977448817,2.7520036904578,2.62957395348026,5.22045678075424,5.68886277111309,4.14214164403121,4.34705373409993,6.84330358625452,4.75834435811379,1.89904469258585,8.35390557935095,7.54837414276594,6.44395321555934,3.57426243899374,8.02816188557674,4.28133619779681,3.13468113294478,4.9224898078604,3.97483506872376,5.84998726945688,4.44916538385858,5.83378066183004,5.70497685664243,6.55920647202903,6.58561239689411,3.26854363232315,4.68259965254724,6.08602497991391,2.41003143102075,5.74581171971824,6.97413550222513
